Month, Year, TotalRevenue, AverageRevenuePerSale
7, 2016, 815356.4691445827, 587.8561421374064
