SalesTerritoryKey, CurrentYear, CurrentRevenue, GrowthPercentage
1, 2016, 1051683.0368990898, 26.025437397862973
1, 2017, 1208890.8418662548, 14.948211528703133
4, 2016, 1647370.1845207214, 30.30851556285826
4, 2017, 1911216.9181518555, 16.016238251143076
7, 2016, 985566.7841193676, 95.81227819741788
8, 2016, 1005008.7970030308, 99.40102649983965
9, 2016, 2887686.6932435036, 36.168944620644375
10, 2016, 1216441.2648162842, 114.52739132414803
